"Ankara, Turkey","Vatican City, Vatican City",2683009,94256
"Luxembourg, Luxembourg","Bratislava, Slovakia",1025083,36098
"Vienna, Austria","Podgorica, Montenegro",1074024,42931
"Vilnius, Lithuania","Amsterdam, Netherlands",1647980,62642
"Helsinki, Finland","Podgorica, Montenegro",2700353,124661
"Zagreb, Croatia","Luxembourg, Luxembourg",1080801,39968
"Yerevan, Armenia","Prague, Czech Republic",3691641,147082
"Vienna, Austria","Rome, Italy",1121228,39140
"Copenhagen, Denmark","Tbilisi, Georgia",3646678,161370
"Andorra La Vella, Andorra","Warsaw, Poland",2374094,80461
"Rome, Italy","Bucharest, Romania",2039823,74208
"Helsinki, Finland","Dublin, Ireland",2977557,144790
"Vaduz, Liechtenstein","Bratislava, Slovakia",757374,26483
"Bratislava, Slovakia","Madrid, Spain",2495120,84136
"Berlin, Germany","Ljubljana, Slovenia",992843,35505
"Berlin, Germany","Vilnius, Lithuania",1030762,41337
"Brussels, Belgium","Dublin, Ireland",975403,44496
"Luxembourg, Luxembourg","Belgrade, Serbia",1558106,53780
"Copenhagen, Denmark","Ljubljana, Slovenia",1392494,55364
"Riga, Latvia","Monaco, Monaco",2477877,94601
"Skopje, Macedonia","Oslo, Norway",2703173,103565
"Yerevan, Armenia","Stockholm, Sweden",3847243,189765
"Zagreb, Croatia","Bratislava, Slovakia",387769,15648
"Dublin, Ireland","Rome, Italy",2461426,94002
"Tirana, Albania","Vilnius, Lithuania",2453078,98081
"Paris, France","Berlin, Germany",1047953,37393
"Dublin, Ireland","Chisinau, Moldova",3174137,132923
"Skopje, Macedonia","Bratislava, Slovakia",1002886,36136
"Monaco, Monaco","Madrid, Spain",1283027,42868
"Skopje, Macedonia","Moscow, Russia",2616666,106416
"Andorra La Vella, Andorra","Sofia, Bulgaria",2402162,86610
"Rome, Italy","Podgorica, Montenegro",704572,56187
"Vienna, Austria","Lisbon, Portugal",2883083,98300
"Sofia, Bulgaria","Tbilisi, Georgia",2193373,94980
"Brussels, Belgium","Prague, Czech Republic",906892,31409
"Brussels, Belgium","Bucharest, Romania",2183045,79755
"Dublin, Ireland","Vatican City, Vatican City",2466512,94131
"Andorra La Vella, Andorra","Riga, Latvia",3035225,111666
"Vienna, Austria","Vatican City, Vatican City",1126313,39269
"Monaco, Monaco","Bratislava, Slovakia",1218125,42500
"Andorra La Vella, Andorra","Ankara, Turkey",3408531,121220
"Podgorica, Montenegro","Lisbon, Portugal",3320238,117281
"Athens, Greece","Belgrade, Serbia",1101828,40456
"Minsk, Belarus","Zagreb, Croatia",1631883,62591
"Luxembourg, Luxembourg","Warsaw, Poland",1291968,43400
"Budapest, Hungary","Riga, Latvia",1555384,61843
"Minsk, Belarus","Monaco, Monaco",2363229,86518
"Prague, Czech Republic","Bratislava, Slovakia",328438,11796
"Yerevan, Armenia","Luxembourg, Luxembourg",4267071,168369
"Prague, Czech Republic","Copenhagen, Denmark",783295,35709
"Zagreb, Croatia","Kiev, Ukraine",1481970,57838
"Andorra La Vella, Andorra","Bratislava, Slovakia",1919696,67794
"Dublin, Ireland","Vaduz, Liechtenstein",1709931,68635
"Andorra La Vella, Andorra","Yerevan, Armenia",4809701,188067
"Luxembourg, Luxembourg","Skopje, Macedonia",1990100,70464
"Paris, France","Lisbon, Portugal",1735995,57433
"Andorra La Vella, Andorra","Chisinau, Moldova",3052759,117526
"Baku, Azerbaijan","Sarajevo, Bosnia And Herzegovina",3390201,150777
"Zagreb, Croatia","Monaco, Monaco",924418,33485
"Zagreb, Croatia","Moscow, Russia",2332864,89038
"Bucharest, Romania","Stockholm, Sweden",2780921,108749
"Sarajevo, Bosnia And Herzegovina","Warsaw, Poland",1400098,52922
"Vienna, Austria","Luxembourg, Luxembourg",938641,34125
"Baku, Azerbaijan","Berlin, Germany",3608353,158504
"Minsk, Belarus","Vilnius, Lithuania",186818,8911
"Prague, Czech Republic","Berlin, Germany",349293,13275
"Tallinn, Estonia","Amsterdam, Netherlands",2157203,85763
"Minsk, Belarus","Athens, Greece",2583490,103643
"Lisbon, Portugal","Belgrade, Serbia",3140187,103906
"Budapest, Hungary","Pristina, Kosovo",900796,35772
"Tbilisi, Georgia","Vaduz, Liechtenstein",3769889,149806
"Belgrade, Serbia","London, United Kingdom",2096814,74792
"Sofia, Bulgaria","Bucharest, Romania",357302,20341
"Yerevan, Armenia","Vaduz, Liechtenstein",3972229,157538
"Prague, Czech Republic","Belgrade, Serbia",895156,30661
"Baku, Azerbaijan","Warsaw, Poland",3047989,139931
"Vaduz, Liechtenstein","Monaco, Monaco",556065,21929
"Zagreb, Croatia","Athens, Greece",1497152,53842
"Zagreb, Croatia","Tallinn, Estonia",2050160,83719
"Berlin, Germany","Budapest, Hungary",872355,31454
"Prague, Czech Republic","Podgorica, Montenegro",1276560,54545
"Budapest, Hungary","Bratislava, Slovakia",201079,7237
"Pristina, Kosovo","Skopje, Macedonia",92413,7084
"Helsinki, Finland","Skopje, Macedonia",2750943,117462
"Yerevan, Armenia","Sarajevo, Bosnia And Herzegovina",3007776,133110
"Vienna, Austria","Athens, Greece",1717179,61616
"Bratislava, Slovakia","Bern, Switzerland",948090,34399
"Budapest, Hungary","San Marino, San Marino",972543,33719
"Athens, Greece","Rome, Italy",1274543,73349
"Prague, Czech Republic","Paris, France",1030326,35584
"Riga, Latvia","Kiev, Ukraine",1051975,44005
"Oslo, Norway","Ankara, Turkey",3667699,137513
"Prague, Czech Republic","Helsinki, Finland",1738965,81035
"Belgrade, Serbia","Bratislava, Slovakia",571826,19398
"Amsterdam, Netherlands","Belgrade, Serbia",1765842,61079
"Oslo, Norway","Bern, Switzerland",1721598,68193
"Minsk, Belarus","Sofia, Bulgaria",1870027,79515
"Zagreb, Croatia","Budapest, Hungary",344617,12025
"Valletta, Malta","Lisbon, Portugal",3528574,132627
"Riga, Latvia","Amsterdam, Netherlands",1849370,72146
"Sarajevo, Bosnia And Herzegovina","Bratislava, Slovakia",731471,29572
"Tallinn, Estonia","Tbilisi, Georgia",3027437,126492
"Berlin, Germany","Belgrade, Serbia",1242735,43641
"Budapest, Hungary","Valletta, Malta",2235759,89205
"Yerevan, Armenia","Skopje, Macedonia",2652486,112986
"Andorra La Vella, Andorra","Skopje, Macedonia",2443525,87048
"Baku, Azerbaijan","Kiev, Ukraine",2274938,106453
"Tirana, Albania","Berlin, Germany",1975020,77025
"Helsinki, Finland","Ankara, Turkey",3715950,151633
"Rome, Italy","Bern, Switzerland",926891,33621
"Amsterdam, Netherlands","Stockholm, Sweden",1440676,54646
"Valletta, Malta","Chisinau, Moldova",3339575,138060
"Athens, Greece","Monaco, Monaco",1971106,95740
"Paris, France","Riga, Latvia",2245845,84762
"Stockholm, Sweden","Kiev, Ukraine",2416390,96126
"Pristina, Kosovo","Vaduz, Liechtenstein",1699515,63702
"Sarajevo, Bosnia And Herzegovina","Zagreb, Croatia",398932,18322
"Oslo, Norway","Warsaw, Poland",1596557,62011
"Dublin, Ireland","Vilnius, Lithuania",2683042,107392
"Vilnius, Lithuania","Lisbon, Portugal",3774468,131578
"Riga, Latvia","Vilnius, Lithuania",294644,13118
"Chisinau, Moldova","Warsaw, Poland",1011349,54628
"Sarajevo, Bosnia And Herzegovina","Valletta, Malta",1227951,92248
"Tirana, Albania","Sofia, Bulgaria",542823,29135
"Oslo, Norway","Vatican City, Vatican City",2500321,94127
"Dublin, Ireland","Valletta, Malta",3480772,141587
"Paris, France","San Marino, San Marino",1196095,42071
"Andorra La Vella, Andorra","Luxembourg, Luxembourg",1178164,41239
"Monaco, Monaco","Lisbon, Portugal",1836471,60716
"Sarajevo, Bosnia And Herzegovina","Helsinki, Finland",2480586,110225
"Yerevan, Armenia","Dublin, Ireland",5495523,218873
"Paris, France","Pristina, Kosovo",2304400,82971
"Minsk, Belarus","Moscow, Russia",717039,28719
"Sofia, Bulgaria","Zagreb, Croatia",782329,29447
"Chisinau, Moldova","Podgorica, Montenegro",1323765,70764
"Warsaw, Poland","Madrid, Spain",2856965,95113
"Bucharest, Romania","London, United Kingdom",2555292,95561
"Tbilisi, Georgia","Pristina, Kosovo",2539778,110862
"Sarajevo, Bosnia And Herzegovina","Paris, France",1787704,65632
"Zagreb, Croatia","Copenhagen, Denmark",1470140,59655
"Tirana, Albania","Warsaw, Poland",1971435,76478
"Valletta, Malta","Monaco, Monaco",1700604,73326
"Vienna, Austria","Dublin, Ireland",2080004,82394
"Riga, Latvia","Moscow, Russia",920784,41501
"Helsinki, Finland","Paris, France",2341155,113081
"Luxembourg, Luxembourg","Ankara, Turkey",2955107,104635
"Tallinn, Estonia","Kiev, Ukraine",1359808,57622
"Tirana, Albania","Vatican City, Vatican City",737280,48137
"San Marino, San Marino","Ankara, Turkey",2425504,86623
"Minsk, Belarus","Tallinn, Estonia",792325,34585
"Andorra La Vella, Andorra","Stockholm, Sweden",2715748,98914
"Tirana, Albania","Kiev, Ukraine",2211594,91509
"Tirana, Albania","Andorra La Vella, Andorra",2091802,95253
"Sofia, Bulgaria","Dublin, Ireland",3089230,118224
"Tirana, Albania","Chisinau, Moldova",1391404,68530
"Copenhagen, Denmark","Vilnius, Lithuania",1459473,62384
"Sarajevo, Bosnia And Herzegovina","Prague, Czech Republic",1055273,40532
"Yerevan, Armenia","Valletta, Malta",3816814,192892
"Baku, Azerbaijan","Dublin, Ireland",5276042,224639
"Zagreb, Croatia","Oslo, Norway",2064213,80753
"Rome, Italy","Valletta, Malta",1045978,50308
"Tallinn, Estonia","Chisinau, Moldova",1736368,81707
"Riga, Latvia","Vatican City, Vatican City",2489081,95737
"Brussels, Belgium","London, United Kingdom",372708,17138
"Moscow, Russia","San Marino, San Marino",2834811,106633
"Paris, France","Valletta, Malta",2440095,96823
"Prague, Czech Republic","Bern, Switzerland",807781,28877
"Yerevan, Armenia","Ankara, Turkey",1489723,70221
"Chisinau, Moldova","Bern, Switzerland",2215378,88872
"Kiev, Ukraine","London, United Kingdom",2406881,91631
"Andorra La Vella, Andorra","Paris, France",859832,31328
"Brussels, Belgium","Vaduz, Liechtenstein",765337,26731
"Helsinki, Finland","Stockholm, Sweden",479150,44438
"Vilnius, Lithuania","Warsaw, Poland",466265,23335
"Budapest, Hungary","Madrid, Spain",2524567,84695
"Sofia, Bulgaria","Madrid, Spain",2978921,102691
"Baku, Azerbaijan","Podgorica, Montenegro",3386984,151581
"Tirana, Albania","Bratislava, Slovakia",1302809,53128
"Andorra La Vella, Andorra","Lisbon, Portugal",1234086,42218
"Sarajevo, Bosnia And Herzegovina","Madrid, Spain",2595524,91566
"Minsk, Belarus","Chisinau, Moldova",944407,48286
"Baku, Azerbaijan","Rome, Italy",4459485,177931
"Andorra La Vella, Andorra","Madrid, Spain",610255,23000
"Luxembourg, Luxembourg","Kiev, Ukraine",2055046,73927
"Ljubljana, Slovenia","Bern, Switzerland",842557,30705
"Athens, Greece","Bucharest, Romania",1153384,48450
"Rome, Italy","Vaduz, Liechtenstein",831450,30205
"Minsk, Belarus","Vatican City, Vatican City",2374433,87654
"Vilnius, Lithuania","Moscow, Russia",944372,42364
"Brussels, Belgium","Pristina, Kosovo",2247694,81365
"Chisinau, Moldova","Madrid, Spain",3624511,133600
"Prague, Czech Republic","Ljubljana, Slovenia",705534,26470
"Tallinn, Estonia","Vilnius, Lithuania",602477,26735
"Prague, Czech Republic","Kiev, Ukraine",1396098,51842
"Minsk, Belarus","Riga, Latvia",484239,21119
"Amsterdam, Netherlands","Ljubljana, Slovenia",1232580,43949
"Valletta, Malta","Kiev, Ukraine",3371969,134706
"Sofia, Bulgaria","Chisinau, Moldova",845814,40691
"Belgrade, Serbia","Kiev, Ukraine",1480611,57780
"Brussels, Belgium","Bern, Switzerland",670361,23799
"Sofia, Bulgaria","London, United Kingdom",2486534,90867
"Paris, France","Belgrade, Serbia",1782773,60679
"Pristina, Kosovo","Amsterdam, Netherlands",2290561,83713
"Andorra La Vella, Andorra","Vilnius, Lithuania",2831188,102013
"Baku, Azerbaijan","Lisbon, Portugal",6415684,245829
"Warsaw, Poland","Stockholm, Sweden",1645336,63323
"Riga, Latvia","Belgrade, Serbia",1923938,74627
"Sofia, Bulgaria","Valletta, Malta",1666983,101310
"Zagreb, Croatia","Ankara, Turkey",1790058,64324
"Tallinn, Estonia","Paris, France",2557500,98783
"Baku, Azerbaijan","Tallinn, Estonia",3328995,139235
"Helsinki, Finland","Vatican City, Vatican City",2884093,121888
"Luxembourg, Luxembourg","Valletta, Malta",2287097,93142
"Vaduz, Liechtenstein","Vatican City, Vatican City",836224,30440
"Copenhagen, Denmark","Riga, Latvia",1663510,72037
"Tirana, Albania","Paris, France",2032394,89299
"Tirana, Albania","Pristina, Kosovo",251637,12592
"Vilnius, Lithuania","Valletta, Malta",3301952,133690
"Lisbon, Portugal","Ljubljana, Slovenia",2614672,87279
"Tbilisi, Georgia","Warsaw, Poland",2654626,121574
"Yerevan, Armenia","Tbilisi, Georgia",287296,17927
"Tbilisi, Georgia","Dublin, Ireland",4882679,206281
"Tallinn, Estonia","Pristina, Kosovo",2753397,110536
"Valletta, Malta","Bratislava, Slovakia",2206512,88328
"Pristina, Kosovo","Moscow, Russia",2708906,112566
"Paris, France","Warsaw, Poland",1584714,53557
"Baku, Azerbaijan","Belgrade, Serbia",3182266,134839
"Ankara, Turkey","London, United Kingdom",3493690,125378
"Sarajevo, Bosnia And Herzegovina","Vaduz, Liechtenstein",1182539,45764
"Minsk, Belarus","Stockholm, Sweden",961743,75046
"Sofia, Bulgaria","Oslo, Norway",2661833,102902
"Yerevan, Armenia","Bern, Switzerland",4165202,164085
"Moscow, Russia","Bratislava, Slovakia",1951905,74688
"Ljubljana, Slovenia","Stockholm, Sweden",2035809,77966
"Paris, France","Vatican City, Vatican City",1425834,49366
"Budapest, Hungary","Dublin, Ireland",2328762,89989
"Brussels, Belgium","Copenhagen, Denmark",919727,36584
"Vilnius, Lithuania","Oslo, Norway",2052144,84150
"Tallinn, Estonia","London, United Kingdom",2603324,103418
"Baku, Azerbaijan","Oslo, Norway",4371301,206483
"Rome, Italy","Moscow, Russia",3076531,113812
"Vienna, Austria","Bern, Switzerland",863514,32261
"Vaduz, Liechtenstein","Luxembourg, Luxembourg",548043,19590
"Brussels, Belgium","Chisinau, Moldova",2249841,89876
"Budapest, Hungary","Ankara, Turkey",1776170,64335
"Sofia, Bulgaria","Prague, Czech Republic",1285349,46433
"Vaduz, Liechtenstein","Stockholm, Sweden",1824597,67056
"Yerevan, Armenia","Baku, Azerbaijan",669446,34766
"Chisinau, Moldova","Belgrade, Serbia",971947,51083
"Vienna, Austria","Warsaw, Poland",688746,26183
"Tirana, Albania","Budapest, Hungary",1109416,47097
"Dublin, Ireland","London, United Kingdom",596530,30249
"Copenhagen, Denmark","Oslo, Norway",606270,22607
"Tirana, Albania","Valletta, Malta",980743,69741
"Tirana, Albania","Amsterdam, Netherlands",2175698,85087
"Zagreb, Croatia","Chisinau, Moldova",1449576,61192
"Minsk, Belarus","Luxembourg, Luxembourg",1832481,66658
"Tallinn, Estonia","Budapest, Hungary",1861391,76058
"Bucharest, Romania","Ljubljana, Slovenia",1289054,48520
"Skopje, Macedonia","Ljubljana, Slovenia",961709,34533
"Yerevan, Armenia","Vilnius, Lithuania",3023397,133011
"Tallinn, Estonia","Ankara, Turkey",3628771,139100
"Minsk, Belarus","Paris, France",2135018,77083
"Andorra La Vella, Andorra","Amsterdam, Netherlands",1359458,48593
"Sarajevo, Bosnia And Herzegovina","Ankara, Turkey",1607474,67011
"Berlin, Germany","Lisbon, Portugal",2780883,93547
"Sofia, Bulgaria","Lisbon, Portugal",3532366,120539
"Andorra La Vella, Andorra","Budapest, Hungary",1947799,68359
"Ljubljana, Slovenia","London, United Kingdom",1554305,56728
"Paris, France","Bratislava, Slovakia",1322122,45516
"Copenhagen, Denmark","Bern, Switzerland",1234084,47640
"Copenhagen, Denmark","San Marino, San Marino",1676405,65653
"Zagreb, Croatia","San Marino, San Marino",646920,23962
"Amsterdam, Netherlands","San Marino, San Marino",1423018,51488
"Helsinki, Finland","Riga, Latvia",396795,27812
"Luxembourg, Luxembourg","Vatican City, Vatican City",1272836,45685
"Podgorica, Montenegro","Vatican City, Vatican City",706316,56979
"Oslo, Norway","London, United Kingdom",1732127,71551
"Prague, Czech Republic","Athens, Greece",1999250,71034
"Tirana, Albania","Prague, Czech Republic",1626611,64089
"Tbilisi, Georgia","Bucharest, Romania",2282152,103197
"Copenhagen, Denmark","Chisinau, Moldova",1982498,89304
"Berlin, Germany","Rome, Italy",1501407,52961
"Sarajevo, Bosnia And Herzegovina","Kiev, Ukraine",1679079,69307
"Helsinki, Finland","Bratislava, Slovakia",1752232,81913
"Bucharest, Romania","Belgrade, Serbia",594615,29689
"Tirana, Albania","Monaco, Monaco",1428422,69909
"Minsk, Belarus","Sarajevo, Bosnia And Herzegovina",1674824,74764
"Vienna, Austria","Bratislava, Slovakia",80061,3561
"Bern, Switzerland","Vatican City, Vatican City",931399,33711
"Andorra La Vella, Andorra","Dublin, Ireland",1922441,77105
"Baku, Azerbaijan","Bratislava, Slovakia",3586788,154531
"Athens, Greece","Riga, Latvia",3024133,114011
"Berlin, Germany","Skopje, Macedonia",1674729,60325
"Sofia, Bulgaria","Budapest, Hungary",768153,29442
"Vilnius, Lithuania","Ljubljana, Slovenia",1545363,61025
"Sofia, Bulgaria","Vatican City, Vatican City",1675853,59744
"Sarajevo, Bosnia And Herzegovina","Pristina, Kosovo",427261,30453
"Sofia, Bulgaria","Amsterdam, Netherlands",2156982,76901
"Helsinki, Finland","Bern, Switzerland",2497961,106366
"Copenhagen, Denmark","Moscow, Russia",2254300,90821
"San Marino, San Marino","London, United Kingdom",1641298,59176
"Rome, Italy","Amsterdam, Netherlands",1650319,58504
"Podgorica, Montenegro","Amsterdam, Netherlands",2022083,74896
"Warsaw, Poland","San Marino, San Marino",1581598,56224
"Vienna, Austria","Sarajevo, Bosnia And Herzegovina",769758,31383
"Copenhagen, Denmark","Kiev, Ukraine",1771077,73798
"Helsinki, Finland","London, United Kingdom",2374861,117432
"Brussels, Belgium","Riga, Latvia",1962440,74795
"Lisbon, Portugal","Madrid, Spain",625142,20366
"Riga, Latvia","Madrid, Spain",3515493,126597
"Helsinki, Finland","Chisinau, Moldova",1823547,94240
"Amsterdam, Netherlands","Moscow, Russia",2443793,90563
"Sofia, Bulgaria","Tallinn, Estonia",2623938,103544
"Sarajevo, Bosnia And Herzegovina","Ljubljana, Slovenia",536973,22745
"Zagreb, Croatia","Prague, Czech Republic",711571,26608
"Podgorica, Montenegro","Moscow, Russia",2630574,116445
"Tallinn, Estonia","Ljubljana, Slovenia",2054586,84146
"Athens, Greece","Luxembourg, Luxembourg",2569059,91653
"Tirana, Albania","Brussels, Belgium",2131727,83368
"Baku, Azerbaijan","Stockholm, Sweden",3869405,186412
"Athens, Greece","Lisbon, Portugal",3799077,155040
"Moscow, Russia","Belgrade, Serbia",2188729,90277
"Zagreb, Croatia","Riga, Latvia",1742074,70254
"Rome, Italy","Pristina, Kosovo",959650,57735
"Andorra La Vella, Andorra","Tbilisi, Georgia",4603206,180607
"Athens, Greece","Valletta, Malta",1523428,95572
"Yerevan, Armenia","San Marino, San Marino",3833190,152364
"Budapest, Hungary","London, United Kingdom",1726066,62631
"Prague, Czech Republic","Rome, Italy",1302506,46133
"Tirana, Albania","Madrid, Spain",2702947,111361
"San Marino, San Marino","Bern, Switzerland",694438,26637
"Tbilisi, Georgia","Budapest, Hungary",2972106,122358
"Tbilisi, Georgia","Lisbon, Portugal",5736318,213455
"Budapest, Hungary","Ljubljana, Slovenia",462990,15702
"Lisbon, Portugal","Bern, Switzerland",2004727,66873
"Berlin, Germany","Vatican City, Vatican City",1506493,53090
"Ankara, Turkey","Kiev, Ukraine",1559335,82141
"London, United Kingdom","Vatican City, Vatican City",1885407,66966
"Paris, France","Budapest, Hungary",1484766,51012
"Minsk, Belarus","Warsaw, Poland",553534,24056
"Pristina, Kosovo","Oslo, Norway",2795413,109714
"Tbilisi, Georgia","San Marino, San Marino",3630850,144632
"Minsk, Belarus","Budapest, Hungary",1113596,51525
"Budapest, Hungary","Amsterdam, Netherlands",1396515,48665
"Chisinau, Moldova","Ankara, Turkey",1255182,72498
"Vienna, Austria","Berlin, Germany",639632,26474
"Valletta, Malta","Bucharest, Romania",2028357,120120
"Zagreb, Croatia","Warsaw, Poland",1056395,38998
"Vienna, Austria","Oslo, Norway",1667707,70007
"Athens, Greece","Podgorica, Montenegro",857092,41236
"Baku, Azerbaijan","Monaco, Monaco",4493114,179553
"Helsinki, Finland","Oslo, Norway",981046,64509
"Rome, Italy","Kiev, Ukraine",2353473,87287
"Brussels, Belgium","Madrid, Spain",1578038,53550
"Yerevan, Armenia","Rome, Italy",4077060,160264
"Skopje, Macedonia","London, United Kingdom",2527873,91529
"Vienna, Austria","Vilnius, Lithuania",1170389,47785
"Helsinki, Finland","Monaco, Monaco",2872889,120752
"Luxembourg, Luxembourg","Stockholm, Sweden",1582812,60957
"Baku, Azerbaijan","Vilnius, Lithuania",3045559,129658
"Pristina, Kosovo","Chisinau, Moldova",1183721,57687
"Belgrade, Serbia","Ankara, Turkey",1399998,51193
"Zagreb, Croatia","London, United Kingdom",1654972,62164
"Rome, Italy","Bratislava, Slovakia",1188016,40909
"Amsterdam, Netherlands","London, United Kingdom",539902,23224
"Dublin, Ireland","Skopje, Macedonia",3120265,119241
"Tirana, Albania","Stockholm, Sweden",2964821,118795
"Baku, Azerbaijan","Ankara, Turkey",1998423,88428
"Podgorica, Montenegro","Oslo, Norway",2760876,107451
"Vaduz, Liechtenstein","Amsterdam, Netherlands",875708,31043
"Skopje, Macedonia","Monaco, Monaco",1745734,61901
"Monaco, Monaco","Podgorica, Montenegro",1493996,58965
"Minsk, Belarus","London, United Kingdom",2180843,81718
"Pristina, Kosovo","Bern, Switzerland",1892488,70248
"Bratislava, Slovakia","Vatican City, Vatican City",1192051,41189
"Sarajevo, Bosnia And Herzegovina","Tbilisi, Georgia",2802148,126398
"Tbilisi, Georgia","Monaco, Monaco",3908348,154154
"Brussels, Belgium","Ljubljana, Slovenia",1192806,41943
"Tirana, Albania","Riga, Latvia",2657115,107734
"Brussels, Belgium","Vilnius, Lithuania",1758404,65142
"Berlin, Germany","Dublin, Ireland",1703212,69623
"Yerevan, Armenia","Copenhagen, Denmark",3925010,178408
"Dublin, Ireland","Ankara, Turkey",4085272,153412
"Bratislava, Slovakia","Ankara, Turkey",1967482,70405
"Paris, France","Monaco, Monaco",953936,32306
"Warsaw, Poland","Kiev, Ukraine",784310,33980
"Lisbon, Portugal","San Marino, San Marino",2419525,81268
"Tallinn, Estonia","Riga, Latvia",309617,15279
"Rome, Italy","Oslo, Norway",2494842,94153
"Monaco, Monaco","Ankara, Turkey",2706961,95925
"Tbilisi, Georgia","Bern, Switzerland",3962862,156353
"Warsaw, Poland","Moscow, Russia",1263036,50964
"Prague, Czech Republic","Ankara, Turkey",2292156,81516
"Athens, Greece","Warsaw, Poland",2338454,82756
"Sarajevo, Bosnia And Herzegovina","Amsterdam, Netherlands",1725132,64806
"Yerevan, Armenia","Chisinau, Moldova",2034215,122997
"Chisinau, Moldova","Amsterdam, Netherlands",2170011,88579
"Dublin, Ireland","San Marino, San Marino",2236773,86835
"Warsaw, Poland","Ljubljana, Slovenia",1088225,39045
"Tirana, Albania","Luxembourg, Luxembourg",1864975,76748
"Minsk, Belarus","Bucharest, Romania",1371148,66196
"Vaduz, Liechtenstein","Warsaw, Poland",1268101,41798
"Andorra La Vella, Andorra","Copenhagen, Denmark",2071344,76663
"Stockholm, Sweden","Bern, Switzerland",1879398,69968
"Chisinau, Moldova","Moscow, Russia",1332459,55758
"Stockholm, Sweden","London, United Kingdom",1900822,73683
"Monaco, Monaco","Bern, Switzerland",590115,23945
"Berlin, Germany","Stockholm, Sweden",1082936,46154
"Bucharest, Romania","San Marino, San Marino",1798607,66538
"San Marino, San Marino","Vatican City, Vatican City",336457,15475
"Pristina, Kosovo","Ljubljana, Slovenia",1053949,40682
"Tallinn, Estonia","Athens, Greece",3335865,128617
"Luxembourg, Luxembourg","San Marino, San Marino",1043097,38389
"Pristina, Kosovo","Riga, Latvia",2449431,96891
"Sofia, Bulgaria","Stockholm, Sweden",2712163,104055
"Minsk, Belarus","Kiev, Ukraine",567846,24202
"Valletta, Malta","Stockholm, Sweden",3563668,142725
"Dublin, Ireland","Pristina, Kosovo",3209897,124849
"Vaduz, Liechtenstein","Bern, Switzerland",232455,8838
"Dublin, Ireland","Luxembourg, Luxembourg",1174668,51447
"Tirana, Albania","Athens, Greece",722840,32158
"Pristina, Kosovo","Bucharest, Romania",695209,37338
"Paris, France","Kiev, Ukraine",2401760,84383
"Budapest, Hungary","Monaco, Monaco",1250041,43242
"Monaco, Monaco","Belgrade, Serbia",1309960,45070
"Vaduz, Liechtenstein","Madrid, Spain",1768225,58678
"Luxembourg, Luxembourg","Madrid, Spain",1657523,54309
"Bucharest, Romania","Moscow, Russia",1778400,77442
"Bucharest, Romania","Ankara, Turkey",1087327,45591
"Bucharest, Romania","Kiev, Ukraine",1001455,50505
"Andorra La Vella, Andorra","Zagreb, Croatia",1619271,58760
"Brussels, Belgium","Valletta, Malta",2502648,100068
"Monaco, Monaco","Oslo, Norway",2218439,86935
"Baku, Azerbaijan","Amsterdam, Netherlands",4227225,179626
"Brussels, Belgium","Budapest, Hungary",1355689,46886
"Sarajevo, Bosnia And Herzegovina","Bern, Switzerland",1375512,52311
"Luxembourg, Luxembourg","Podgorica, Montenegro",1716829,67828
"Helsinki, Finland","Madrid, Spain",3606981,154513
"Oslo, Norway","Stockholm, Sweden",528743,21554
"Minsk, Belarus","Bern, Switzerland",1988300,72133
"Tbilisi, Georgia","Vilnius, Lithuania",2742339,116282
"Sofia, Bulgaria","Monaco, Monaco",1704395,61238
"Budapest, Hungary","Vaduz, Liechtenstein",921306,32057
"Tbilisi, Georgia","Oslo, Norway",4238026,182777
"Valletta, Malta","Warsaw, Poland",2818559,111192
"Helsinki, Finland","Amsterdam, Netherlands",1910264,98144
"Copenhagen, Denmark","Budapest, Hungary",1306141,53293
"Tbilisi, Georgia","Stockholm, Sweden",3566184,173036
"Rome, Italy","Riga, Latvia",2485742,95028
"Warsaw, Poland","Vatican City, Vatican City",1830553,64253
"Pristina, Kosovo","Belgrade, Serbia",527126,23335
"Valletta, Malta","Vatican City, Vatican City",1051583,50808
"Oslo, Norway","Lisbon, Portugal",3424612,123117
"Paris, France","Stockholm, Sweden",1859726,69214
"Prague, Czech Republic","Amsterdam, Netherlands",875687,31342
"Tbilisi, Georgia","Riga, Latvia",2892821,122462
"Zagreb, Croatia","Vaduz, Liechtenstein",785959,29137
"Andorra La Vella, Andorra","Prague, Czech Republic",1741307,60569
"Riga, Latvia","Ankara, Turkey",3320938,125483
"Tirana, Albania","Vienna, Austria",1222463,51544
"Helsinki, Finland","Lisbon, Portugal",4067346,168998
"Tirana, Albania","Podgorica, Montenegro",152912,10254
"Vienna, Austria","Paris, France",1236358,43453
"Brussels, Belgium","Helsinki, Finland",2043312,101068
"Athens, Greece","Pristina, Kosovo",791558,31049
"Chisinau, Moldova","Oslo, Norway",2578838,110958
"Tallinn, Estonia","Podgorica, Montenegro",2613174,112128
"Minsk, Belarus","Brussels, Belgium",1843961,67191
"Copenhagen, Denmark","Vaduz, Liechtenstein",1181044,45081
"Prague, Czech Republic","Moscow, Russia",1934945,73772
"Vilnius, Lithuania","Bern, Switzerland",1901559,70711
"Berlin, Germany","Monaco, Monaco",1332106,48910
"Budapest, Hungary","Kiev, Ukraine",1116463,46263
"Minsk, Belarus","Podgorica, Montenegro",1923630,90149
"Amsterdam, Netherlands","Bratislava, Slovakia",1202849,42598
"Copenhagen, Denmark","Monaco, Monaco",1732289,66502
"Riga, Latvia","Ljubljana, Slovenia",1746753,70529
"Vienna, Austria","Chisinau, Moldova",1351317,58358
"Monaco, Monaco","Kiev, Ukraine",2383582,88878
"Brussels, Belgium","Sarajevo, Bosnia And Herzegovina",1687321,63291
"Baku, Azerbaijan","Chisinau, Moldova",2277673,118515
"Zagreb, Croatia","Rome, Italy",890790,31862
"San Marino, San Marino","Belgrade, Serbia",1028503,35767
"Prague, Czech Republic","Tbilisi, Georgia",3270120,139349
"Bucharest, Romania","Bern, Switzerland",1941498,72785
"Brussels, Belgium","Belgrade, Serbia",1726068,59073
"Andorra La Vella, Andorra","Rome, Italy",1380658,51258
"Riga, Latvia","Vaduz, Liechtenstein",1926632,73180
"Lisbon, Portugal","Ankara, Turkey",4537187,154761
"Copenhagen, Denmark","Skopje, Macedonia",2108515,82163
"Baku, Azerbaijan","Vatican City, Vatican City",4464571,178060
"Tbilisi, Georgia","Athens, Greece",2740438,113275
"Tallinn, Estonia","San Marino, San Marino",2547959,101325
"Vilnius, Lithuania","Chisinau, Moldova",1131443,55847
"Budapest, Hungary","Bucharest, Romania",836146,34162
"Riga, Latvia","Bratislava, Slovakia",1357220,55763
"Minsk, Belarus","Prague, Czech Republic",1231089,47309
"Paris, France","Athens, Greece",2886868,101052
"Sofia, Bulgaria","Belgrade, Serbia",393547,16523
"Tirana, Albania","San Marino, San Marino",878118,51473
"Andorra La Vella, Andorra","San Marino, San Marino",1290869,47726
"Helsinki, Finland","Warsaw, Poland",1062666,58990
"Bucharest, Romania","Bratislava, Slovakia",1030304,40167
"Sofia, Bulgaria","Podgorica, Montenegro",569692,34448
"Podgorica, Montenegro","Madrid, Spain",2766794,99433
"Athens, Greece","Madrid, Spain",3245632,137192
"Skopje, Macedonia","San Marino, San Marino",1468236,52378
"Rome, Italy","Madrid, Spain",1956634,67360
"Tbilisi, Georgia","Vatican City, Vatican City",3879805,152660
"Copenhagen, Denmark","Berlin, Germany",438930,23343
"Sarajevo, Bosnia And Herzegovina","Bucharest, Romania",881895,46639
"Yerevan, Armenia","Ljubljana, Slovenia",3326663,134518
"Lisbon, Portugal","Bratislava, Slovakia",2968060,100089
"Vaduz, Liechtenstein","Oslo, Norway",1667149,65412
"Riga, Latvia","San Marino, San Marino",2240126,87708
"Tbilisi, Georgia","Chisinau, Moldova",1806960,106383
"Minsk, Belarus","Vaduz, Liechtenstein",1811984,65098
"Vienna, Austria","Tallinn, Estonia",1682511,70904
"Sofia, Bulgaria","Riga, Latvia",2315852,90079
"Kiev, Ukraine","Vatican City, Vatican City",2363765,88306
"Baku, Azerbaijan","Riga, Latvia",3196041,135838
"Vienna, Austria","Monaco, Monaco",1154856,40763
"Athens, Greece","Vilnius, Lithuania",2820096,104358
"Berlin, Germany","Vaduz, Liechtenstein",780861,27489
"Zagreb, Croatia","Tbilisi, Georgia",2984733,123711
"Vilnius, Lithuania","Luxembourg, Luxembourg",1745740,65237
"Luxembourg, Luxembourg","Bucharest, Romania",2015083,74463
"Minsk, Belarus","Belgrade, Serbia",1479395,63269
"Yerevan, Armenia","Zagreb, Croatia",3188622,130095
"Pristina, Kosovo","San Marino, San Marino",1105626,61883
"Warsaw, Poland","Bucharest, Romania",1722386,63825
"Zagreb, Croatia","Bern, Switzerland",978932,35684
"Sarajevo, Bosnia And Herzegovina","London, United Kingdom",2054684,78771
"Brussels, Belgium","Warsaw, Poland",1301310,43590
"Paris, France","Bern, Switzerland",569398,21772
"Minsk, Belarus","San Marino, San Marino",2125477,79625
"Tbilisi, Georgia","Bratislava, Slovakia",3165499,128389
"Vienna, Austria","Pristina, Kosovo",1134711,43535
"Madrid, Spain","Kiev, Ukraine",3680903,124840
"Rome, Italy","Belgrade, Serbia",1279851,43479
"Helsinki, Finland","Pristina, Kosovo",2840576,123070
"San Marino, San Marino","Bratislava, Slovakia",936668,33197
"Zagreb, Croatia","Helsinki, Finland",2136883,96301
"San Marino, San Marino","Ljubljana, Slovenia",502988,19141
"Vienna, Austria","Vaduz, Liechtenstein",672548,24463
"Minsk, Belarus","Bratislava, Slovakia",1242572,47680
"Berlin, Germany","Bern, Switzerland",961021,34410
"Copenhagen, Denmark","Ankara, Turkey",3073521,116334
"Vienna, Austria","Brussels, Belgium",1103785,39351
"Amsterdam, Netherlands","Warsaw, Poland",1191873,40574
"Baku, Azerbaijan","Brussels, Belgium",4336465,182754
"Zagreb, Croatia","Madrid, Spain",2198944,74938
"Moscow, Russia","London, United Kingdom",2890176,108726
"Paris, France","Bucharest, Romania",2312122,83880
"Vienna, Austria","London, United Kingdom",1477309,55037
"Dublin, Ireland","Kiev, Ukraine",2994645,118806
"Andorra La Vella, Andorra","Berlin, Germany",1886713,66040
"Andorra La Vella, Andorra","Baku, Azerbaijan",5186936,206112
"Dublin, Ireland","Ljubljana, Slovenia",2143616,84417
"Podgorica, Montenegro","Belgrade, Serbia",452934,27779
"Brussels, Belgium","Ankara, Turkey",3123068,109928
"Vaduz, Liechtenstein","San Marino, San Marino",606485,23144
"Tallinn, Estonia","Warsaw, Poland",975487,46457
"Berlin, Germany","Bratislava, Slovakia",676017,24776
"Oslo, Norway","Moscow, Russia",2082959,110121
"Paris, France","Vaduz, Liechtenstein",763862,26148
"Bucharest, Romania","Vatican City, Vatican City",2047562,74566
"Minsk, Belarus","Madrid, Spain",3400844,118515
"Baku, Azerbaijan","Valletta, Malta",4199240,210559
"Monaco, Monaco","Warsaw, Poland",1819391,63321
"Vienna, Austria","Valletta, Malta",2140574,86726
"Tirana, Albania","Minsk, Belarus",2207175,96417
"Sofia, Bulgaria","Vilnius, Lithuania",2111815,80426
"Dublin, Ireland","Moscow, Russia",3477868,135830
"Paris, France","London, United Kingdom",463723,20046
"Rome, Italy","Ankara, Turkey",2676851,94334
"Andorra La Vella, Andorra","Oslo, Norway",2547355,96916
"Andorra La Vella, Andorra","London, United Kingdom",1319745,49747
"Yerevan, Armenia","Lisbon, Portugal",5938659,221187
"Sarajevo, Bosnia And Herzegovina","Belgrade, Serbia",292276,17552
"Tbilisi, Georgia","London, United Kingdom",4279983,178923
"Dublin, Ireland","Bern, Switzerland",1570801,65367
"Minsk, Belarus","Skopje, Macedonia",1911389,79954
"Vaduz, Liechtenstein","Vilnius, Lithuania",1725195,63350
"Madrid, Spain","London, United Kingdom",1721806,60564
"Podgorica, Montenegro","Ljubljana, Slovenia",770952,32706
"Riga, Latvia","Bern, Switzerland",2102949,80216
"Rome, Italy","Warsaw, Poland",1800063,63773
"Riga, Latvia","Valletta, Malta",3503341,143194
"Berlin, Germany","Tbilisi, Georgia",3217967,140323
"Lisbon, Portugal","Bucharest, Romania",3900159,134635
"Andorra La Vella, Andorra","Belgrade, Serbia",2011531,70364
"Vienna, Austria","Stockholm, Sweden",1718037,71159
"Belgrade, Serbia","Ljubljana, Slovenia",530650,17795
"Skopje, Macedonia","Chisinau, Moldova",1091481,51538
"Dublin, Ireland","Monaco, Monaco",2010710,77567
"Rome, Italy","London, United Kingdom",1873751,66161
"Berlin, Germany","Moscow, Russia",1825589,69775
"Tirana, Albania","Copenhagen, Denmark",2320417,96544
"Amsterdam, Netherlands","Bern, Switzerland",834731,29972
"Athens, Greece","Stockholm, Sweden",3420445,127988
"Tallinn, Estonia","Bratislava, Slovakia",1665053,69380
"Stockholm, Sweden","Ankara, Turkey",3718834,138662
"Rome, Italy","Chisinau, Moldova",2321079,90641
"Valletta, Malta","Bern, Switzerland",1945387,81040
"Pristina, Kosovo","London, United Kingdom",2620113,97679
"Brussels, Belgium","Paris, France",312212,12118
"Minsk, Belarus","Dublin, Ireland",2783538,109076
"Yerevan, Armenia","Moscow, Russia",2261711,100664
"Minsk, Belarus","Valletta, Malta",3388693,135111
"Copenhagen, Denmark","Vatican City, Vatican City",1906144,72948
"Moscow, Russia","Kiev, Ukraine",863485,36517
"Copenhagen, Denmark","Dublin, Ireland",1858205,78713
"Amsterdam, Netherlands","Oslo, Norway",1272284,52648
"Skopje, Macedonia","Ankara, Turkey",1251347,46774
"Riga, Latvia","Bucharest, Romania",2380914,95310
"Skopje, Macedonia","Valletta, Malta",1242195,83770
"Podgorica, Montenegro","San Marino, San Marino",1214770,48458
"Sarajevo, Bosnia And Herzegovina","Vatican City, Vatican City",1292455,48619
"Zagreb, Croatia","Valletta, Malta",1910136,79448
"Tirana, Albania","Sarajevo, Bosnia And Herzegovina",383140,25314
"Chisinau, Moldova","Lisbon, Portugal",4236671,153268
"Budapest, Hungary","Moscow, Russia",1821458,78163
"Yerevan, Armenia","Tallinn, Estonia",3306832,142589
"Sarajevo, Bosnia And Herzegovina","Chisinau, Moldova",1269037,68552
"Vilnius, Lithuania","Ankara, Turkey",2312234,114316
"Vaduz, Liechtenstein","Valletta, Malta",1850484,77897
"Baku, Azerbaijan","Budapest, Hungary",3386622,152503
"Tirana, Albania","Bucharest, Romania",902892,48181
"Andorra La Vella, Andorra","Podgorica, Montenegro",2195566,84260
"Sofia, Bulgaria","Bratislava, Slovakia",961546,35473
"Lisbon, Portugal","Moscow, Russia",4569662,158840
"Budapest, Hungary","Vatican City, Vatican City",1221499,41748
"Tallinn, Estonia","Bucharest, Romania",2688747,108927
"Berlin, Germany","Oslo, Norway",1032606,45001
"Athens, Greece","Chisinau, Moldova",1641896,68799
"Tallinn, Estonia","Vaduz, Liechtenstein",2234465,86798
"Budapest, Hungary","Podgorica, Montenegro",823405,40359
"Vienna, Austria","Madrid, Spain",2429382,82216
"Monaco, Monaco","San Marino, San Marino",589298,22432
"Monaco, Monaco","Ljubljana, Slovenia",784445,28443
"Luxembourg, Luxembourg","London, United Kingdom",586894,23934
"Skopje, Macedonia","Bucharest, Romania",602969,31188
"Skopje, Macedonia","Amsterdam, Netherlands",2198321,77564
"Tirana, Albania","Vaduz, Liechtenstein",1442371,70462
"Budapest, Hungary","Rome, Italy",1216413,41619
"Sofia, Bulgaria","Berlin, Germany",1633758,59369
"Zagreb, Croatia","Bucharest, Romania",982677,42556
"Rome, Italy","Vilnius, Lithuania",2281705,85375
"Copenhagen, Denmark","Bucharest, Romania",2133497,86161
"Warsaw, Poland","Bratislava, Slovakia",698692,24278
"Andorra La Vella, Andorra","Tallinn, Estonia",3343311,125132
"Tirana, Albania","London, United Kingdom",2484673,106418
"Pristina, Kosovo","Warsaw, Poland",1763752,65635
"Dublin, Ireland","Podgorica, Montenegro",2921128,117242
"Vilnius, Lithuania","Stockholm, Sweden",772167,67028
"Brussels, Belgium","Kiev, Ukraine",2070007,76556
"Tallinn, Estonia","Valletta, Malta",3811174,156811
"Budapest, Hungary","Lisbon, Portugal",3078012,102543
"Podgorica, Montenegro","London, United Kingdom",2351635,88862
"Oslo, Norway","Kiev, Ukraine",2365254,94977
"Andorra La Vella, Andorra","Moscow, Russia",3626014,130451
"Brussels, Belgium","Vatican City, Vatican City",1488387,52611
"Sarajevo, Bosnia And Herzegovina","Copenhagen, Denmark",1837684,75902
"Tbilisi, Georgia","Kiev, Ukraine",1881574,88095
"Bern, Switzerland","Kiev, Ukraine",2208279,79185
"Sarajevo, Bosnia And Herzegovina","Lisbon, Portugal",3148969,109414
"Tirana, Albania","Baku, Azerbaijan",3237785,143389
"Vienna, Austria","Prague, Czech Republic",291222,13538
"Warsaw, Poland","London, United Kingdom",1636963,58317
"Pristina, Kosovo","Vatican City, Vatican City",964788,58547
"Copenhagen, Denmark","Valletta, Malta",2920404,120405
"Brussels, Belgium","Zagreb, Croatia",1286133,46624
"Yerevan, Armenia","Amsterdam, Netherlands",4114920,177998
"Baku, Azerbaijan","Zagreb, Croatia",3571048,147762
"Andorra La Vella, Andorra","Vaduz, Liechtenstein",1194365,42561
"Luxembourg, Luxembourg","Monaco, Monaco",1006730,34214
"Prague, Czech Republic","Vaduz, Liechtenstein",616404,21720
"Moscow, Russia","Madrid, Spain",4110178,145522
"Berlin, Germany","Madrid, Spain",2320518,79062
"Brussels, Belgium","Athens, Greece",2830162,99446
"Vilnius, Lithuania","Skopje, Macedonia",2154542,81807
"Dublin, Ireland","Belgrade, Serbia",2688271,102557
"Helsinki, Finland","Moscow, Russia",1104294,48655
"Rome, Italy","Lisbon, Portugal",2510078,85208
"Vienna, Austria","Amsterdam, Netherlands",1147757,41071
"Bern, Switzerland","Ankara, Turkey",2765395,98190
"Rome, Italy","Luxembourg, Luxembourg",1266967,45315
"Budapest, Hungary","Skopje, Macedonia",811164,30164
"Sofia, Bulgaria","Warsaw, Poland",1630173,58823
"Vilnius, Lithuania","Madrid, Spain",3314103,117093
"Berlin, Germany","Podgorica, Montenegro",1624138,67524
"Bratislava, Slovakia","London, United Kingdom",1561884,57175
"Minsk, Belarus","Ljubljana, Slovenia",1632104,62446
"Budapest, Hungary","Bern, Switzerland",1112272,39855
"Helsinki, Finland","Bucharest, Romania",2775926,121460
"Andorra La Vella, Andorra","Minsk, Belarus",2916600,103459
"Vienna, Austria","Ankara, Turkey",2010085,72098
"Helsinki, Finland","Vaduz, Liechtenstein",2321644,99331
"Vaduz, Liechtenstein","Moscow, Russia",2520021,91787
"Helsinki, Finland","Budapest, Hungary",1948570,88591
"Brussels, Belgium","Amsterdam, Netherlands",212537,8550
"Sofia, Bulgaria","Kiev, Ukraine",1387239,67879
"Baku, Azerbaijan","Vaduz, Liechtenstein",4301766,178161
"Brussels, Belgium","Luxembourg, Luxembourg",219034,8255
"Andorra La Vella, Andorra","Bern, Switzerland",966376,34898
"Paris, France","Dublin, Ireland",1066418,47404
"Prague, Czech Republic","Chisinau, Moldova",1484653,64595
"Ljubljana, Slovenia","Kiev, Ukraine",1599566,61247
"Copenhagen, Denmark","Pristina, Kosovo",2198147,87771
"Yerevan, Armenia","Oslo, Norway",4519084,199506
"Berlin, Germany","San Marino, San Marino",1276754,45794
"Zagreb, Croatia","Podgorica, Montenegro",718879,30279
"Yerevan, Armenia","Belgrade, Serbia",2799840,117172
"Copenhagen, Denmark","Amsterdam, Netherlands",790911,32067
"Sarajevo, Bosnia And Herzegovina","Budapest, Hungary",551636,24128
"Moscow, Russia","Ankara, Turkey",2420836,119070
"Vienna, Austria","San Marino, San Marino",877358,31240
"Luxembourg, Luxembourg","Chisinau, Moldova",2143601,86680
"Rome, Italy","Stockholm, Sweden",2545172,95306
"Skopje, Macedonia","Belgrade, Serbia",434886,17186
"Madrid, Spain","Ankara, Turkey",3980481,136955
"Athens, Greece","San Marino, San Marino",1420803,77304
"Vaduz, Liechtenstein","Ljubljana, Slovenia",642193,23799
"Tirana, Albania","Ljubljana, Slovenia",924567,42898
"Dublin, Ireland","Warsaw, Poland",2225948,85841
"Pristina, Kosovo","Valletta, Malta",1208251,80152
"Monaco, Monaco","Vatican City, Vatican City",662254,26031
"Riga, Latvia","Chisinau, Moldova",1428535,68090
"Sofia, Bulgaria","Rome, Italy",1670767,59615
"Brussels, Belgium","Stockholm, Sweden",1564131,58836
"Andorra La Vella, Andorra","Sarajevo, Bosnia And Herzegovina",2020752,75435
"Vilnius, Lithuania","San Marino, San Marino",2038736,78204
"Sofia, Bulgaria","Copenhagen, Denmark",2067760,81803
"Copenhagen, Denmark","Warsaw, Poland",1002379,40832
"Moscow, Russia","Vatican City, Vatican City",3083766,114662
"Tallinn, Estonia","Madrid, Spain",3823326,140214
"Yerevan, Armenia","Bratislava, Slovakia",3367839,136121
"Valletta, Malta","Podgorica, Montenegro",1067497,82236
"Amsterdam, Netherlands","Ankara, Turkey",3162842,111934
"Sarajevo, Bosnia And Herzegovina","Skopje, Macedonia",642467,32840
"Helsinki, Finland","Luxembourg, Luxembourg",2342141,100891
"Sofia, Bulgaria","Bern, Switzerland",1758909,63436
"Sarajevo, Bosnia And Herzegovina","Sofia, Bulgaria",601105,32402
"Copenhagen, Denmark","Stockholm, Sweden",656600,23760
"Yerevan, Armenia","Pristina, Kosovo",2742118,118594
"Sarajevo, Bosnia And Herzegovina","Rome, Italy",1287370,48490
"Yerevan, Armenia","Madrid, Spain",5385214,203339
"Sarajevo, Bosnia And Herzegovina","Monaco, Monaco",1320998,50113
"Podgorica, Montenegro","Bucharest, Romania",863692,49023
"San Marino, San Marino","Kiev, Ukraine",2102125,79575
"Prague, Czech Republic","Bucharest, Romania",1352133,51343
"Oslo, Norway","Madrid, Spain",2964247,108631
"Athens, Greece","London, United Kingdom",3194815,114799
"Berlin, Germany","Valletta, Malta",2520753,100546
"Athens, Greece","Ljubljana, Slovenia",1628651,57803
"Athens, Greece","Bratislava, Slovakia",1669828,59406
"Andorra La Vella, Andorra","Pristina, Kosovo",2533157,92656
"Tirana, Albania","Helsinki, Finland",3051923,133782
"Athens, Greece","Kiev, Ukraine",2183321,95987
"Prague, Czech Republic","Skopje, Macedonia",1327150,47345
"Vienna, Austria","Skopje, Macedonia",1045079,37927
"Amsterdam, Netherlands","Madrid, Spain",1773317,60495
"Sofia, Bulgaria","Paris, France",2171101,76757
"Luxembourg, Luxembourg","Amsterdam, Netherlands",406025,15070
"Sofia, Bulgaria","Helsinki, Finland",2710661,116126
"Copenhagen, Denmark","Luxembourg, Luxembourg",950688,38946
"Prague, Czech Republic","London, United Kingdom",1271632,47221
"Vilnius, Lithuania","Podgorica, Montenegro",2103952,89007
"Vienna, Austria","Riga, Latvia",1374425,57438
"Warsaw, Poland","Lisbon, Portugal",3317330,109598
"Yerevan, Armenia","Vienna, Austria",3409744,137801
"Andorra La Vella, Andorra","Vienna, Austria",1853691,65853
"Baku, Azerbaijan","Prague, Czech Republic",3665791,157632
"Podgorica, Montenegro","Kiev, Ukraine",1925579,84546
"Vienna, Austria","Baku, Azerbaijan",3598591,157566
"Chisinau, Moldova","Stockholm, Sweden",2629168,112111
"Copenhagen, Denmark","Belgrade, Serbia",1676521,65479
"Tirana, Albania","Oslo, Norway",2914491,117642
"Skopje, Macedonia","Lisbon, Portugal",3573705,121201
"Vienna, Austria","Helsinki, Finland",1769234,83486
"Lisbon, Portugal","Kiev, Ukraine",4147585,139234
"Tallinn, Estonia","Berlin, Germany",1538330,64642
"Prague, Czech Republic","Valletta, Malta",2321852,93719
"Valletta, Malta","London, United Kingdom",2892247,113580
"Paris, France","Skopje, Macedonia",2214767,77363
"Baku, Azerbaijan","Ljubljana, Slovenia",3709088,152185
"Zagreb, Croatia","Pristina, Kosovo",914684,35761
"Tallinn, Estonia","Oslo, Norway",928106,74394
"Berlin, Germany","Bucharest, Romania",1699711,64323
"Chisinau, Moldova","Ljubljana, Slovenia",1562934,64608
"Rome, Italy","Monaco, Monaco",682108,25907
"Helsinki, Finland","Ljubljana, Slovenia",2141765,96679
"Tbilisi, Georgia","Skopje, Macedonia",2450146,105254
"Yerevan, Armenia","Minsk, Belarus",2840876,125459
"Tirana, Albania","Dublin, Ireland",3087368,133776
"Budapest, Hungary","Stockholm, Sweden",1951696,75819
"Copenhagen, Denmark","Helsinki, Finland",1135781,65992
"Tbilisi, Georgia","Rome, Italy",3874719,152532
"Tallinn, Estonia","Helsinki, Finland",86939,12676
"Minsk, Belarus","Helsinki, Finland",879048,47167
"Tallinn, Estonia","Belgrade, Serbia",2231771,88244
"Oslo, Norway","Bucharest, Romania",2727675,107340
"Yerevan, Armenia","Warsaw, Poland",2935684,138303
"Prague, Czech Republic","Budapest, Hungary",524776,18475
"Baku, Azerbaijan","Pristina, Kosovo",3124544,136261
"Tbilisi, Georgia","Ljubljana, Slovenia",3124322,126786
"Brussels, Belgium","Monaco, Monaco",1222281,41140
"Yerevan, Armenia","Budapest, Hungary",3174446,130090
"Pristina, Kosovo","Kiev, Ukraine",2003910,80666
"Vaduz, Liechtenstein","Chisinau, Moldova",2028630,81280
"Yerevan, Armenia","Vatican City, Vatican City",4082145,160393
"Budapest, Hungary","Vilnius, Lithuania",1351348,52190
"Paris, France","Ljubljana, Slovenia",1250404,43898
"Brussels, Belgium","Tallinn, Estonia",2270526,88260
"Skopje, Macedonia","Bern, Switzerland",1800248,64099
"Pristina, Kosovo","Monaco, Monaco",1837974,68050
"Luxembourg, Luxembourg","Bern, Switzerland",454810,16873
"Zagreb, Croatia","Skopje, Macedonia",825052,30153
"Athens, Greece","Vaduz, Liechtenstein",2274217,80822
"Minsk, Belarus","Rome, Italy",2369347,87525
"Baku, Azerbaijan","London, United Kingdom",4673347,197281
"Vienna, Austria","Copenhagen, Denmark",1073634,48908
"Baku, Azerbaijan","San Marino, San Marino",4215615,170031
"Copenhagen, Denmark","Rome, Italy",1901058,72819
"Chisinau, Moldova","Monaco, Monaco",2349985,92147
"Tallinn, Estonia","Vatican City, Vatican City",2796914,109354
"Copenhagen, Denmark","Tallinn, Estonia",1079765,77354
"Vaduz, Liechtenstein","Belgrade, Serbia",1174562,40580
"Oslo, Norway","Ljubljana, Slovenia",1986671,76543
"Sofia, Bulgaria","Skopje, Macedonia",244147,12279
"Tirana, Albania","Moscow, Russia",2916589,123409
"Andorra La Vella, Andorra","Vatican City, Vatican City",1363825,51326
"Tallinn, Estonia","Rome, Italy",2791828,109225
"Belgrade, Serbia","Vatican City, Vatican City",1286133,43670
"Dublin, Ireland","Bratislava, Slovakia",2155248,84875
"Sarajevo, Bosnia And Herzegovina","Riga, Latvia",2085777,84178
"Zagreb, Croatia","Berlin, Germany",1071314,39319
"Sarajevo, Bosnia And Herzegovina","Athens, Greece",1081618,55268
"Prague, Czech Republic","Dublin, Ireland",1874327,74578
"Tallinn, Estonia","Moscow, Russia",1053725,44831
"Vaduz, Liechtenstein","Podgorica, Montenegro",1419705,56623
"Minsk, Belarus","Copenhagen, Denmark",1544812,64473
"Valletta, Malta","Moscow, Russia",4095027,161231
"Minsk, Belarus","Tbilisi, Georgia",2575700,109611
"Prague, Czech Republic","Monaco, Monaco",1167650,43141
"Luxembourg, Luxembourg","Ljubljana, Slovenia",939316,35003
"Zagreb, Croatia","Dublin, Ireland",2257668,89522
"Riga, Latvia","Stockholm, Sweden",520502,56764
"Baku, Azerbaijan","Bucharest, Romania",2866918,128596
"Madrid, Spain","Bern, Switzerland",1538326,50634
"Pristina, Kosovo","Stockholm, Sweden",2845743,110867
"Andorra La Vella, Andorra","Helsinki, Finland",3430034,137714
"Valletta, Malta","Madrid, Spain",2975130,114779
"Paris, France","Ankara, Turkey",3179774,111534
"Podgorica, Montenegro","Bern, Switzerland",1546782,60179
"Brussels, Belgium","San Marino, San Marino",1258648,45316
"Vienna, Austria","Zagreb, Croatia",373481,15031
"Tbilisi, Georgia","Ankara, Turkey",1413657,63029
"Yerevan, Armenia","Bucharest, Romania",2484492,110929
"Sofia, Bulgaria","Athens, Greece",792947,29425
"Sofia, Bulgaria","Pristina, Kosovo",333779,17887
"Prague, Czech Republic","Madrid, Spain",2215125,76603
"Sarajevo, Bosnia And Herzegovina","Oslo, Norway",2431758,97001
"Oslo, Norway","San Marino, San Marino",2270582,86832
"Luxembourg, Luxembourg","Moscow, Russia",2543888,93389
"Helsinki, Finland","Athens, Greece",3423044,141151
"Tallinn, Estonia","Skopje, Macedonia",2663765,104928
"Vilnius, Lithuania","Kiev, Ukraine",754883,31763
"Riga, Latvia","Luxembourg, Luxembourg",1947129,74741
"Berlin, Germany","Warsaw, Poland",573668,19785
"Pristina, Kosovo","Luxembourg, Luxembourg",1994357,74533
"Tirana, Albania","Skopje, Macedonia",292048,17876
"Pristina, Kosovo","Bratislava, Slovakia",1095126,42285
"Paris, France","Vilnius, Lithuania",2041808,75109
"Sofia, Bulgaria","Ljubljana, Slovenia",920370,33870
"Minsk, Belarus","Amsterdam, Netherlands",1734722,64063
"Yerevan, Armenia","Berlin, Germany",3496048,156876
"Belgrade, Serbia","Bern, Switzerland",1369189,47362
"Tallinn, Estonia","Dublin, Ireland",3206020,130776
"Yerevan, Armenia","Paris, France",4577394,177406
"Tirana, Albania","Rome, Italy",731859,47518
"Vienna, Austria","Tbilisi, Georgia",3204760,131485
"Athens, Greece","Oslo, Norway",3370115,126835
"Vaduz, Liechtenstein","London, United Kingdom",1121482,41019
"Bratislava, Slovakia","Stockholm, Sweden",1755281,69281
"Riga, Latvia","Warsaw, Poland",667654,32840
"Tallinn, Estonia","Bern, Switzerland",2410782,93832
"Pristina, Kosovo","Madrid, Spain",3112500,109503
"Warsaw, Poland","Ankara, Turkey",2662410,93998
"Baku, Azerbaijan","Luxembourg, Luxembourg",4322264,179721
"Helsinki, Finland","Tbilisi, Georgia",3091152,131085
"Vilnius, Lithuania","Belgrade, Serbia",1722548,65123
"Baku, Azerbaijan","Helsinki, Finland",3397606,143272
"Valletta, Malta","Ankara, Turkey",2418525,126891
"Sofia, Bulgaria","Ankara, Turkey",998699,35593
"Tirana, Albania","Bern, Switzerland",1537813,73879
"Paris, France","Madrid, Spain",1275630,42948
"Tbilisi, Georgia","Amsterdam, Netherlands",3833862,161269
"Tallinn, Estonia","Lisbon, Portugal",4283691,154700
"Dublin, Ireland","Lisbon, Portugal",2776698,103264
"Athens, Greece","Bern, Switzerland",2467190,87369
"Berlin, Germany","Ankara, Turkey",2639735,94496
"Paris, France","Podgorica, Montenegro",2027917,76722
"Baku, Azerbaijan","Sofia, Bulgaria",2780194,118982
"Tirana, Albania","Zagreb, Croatia",868083,39295
"Vienna, Austria","Sofia, Bulgaria",1003716,37489
"Vienna, Austria","Budapest, Hungary",242705,9056
"Tirana, Albania","Lisbon, Portugal",3256392,129209
"Podgorica, Montenegro","Ankara, Turkey",1618029,68311
"Helsinki, Finland","Belgrade, Serbia",2318949,100778
"Vaduz, Liechtenstein","Bucharest, Romania",1747374,64847
"Baku, Azerbaijan","Minsk, Belarus",2863038,122105
"Vilnius, Lithuania","London, United Kingdom",2094102,80297
"Baku, Azerbaijan","Athens, Greece",3325203,138674
"Madrid, Spain","Stockholm, Sweden",3126071,110114
"Prague, Czech Republic","Oslo, Norway",1377368,56807
"Prague, Czech Republic","Vatican City, Vatican City",1307592,46262
"Berlin, Germany","London, United Kingdom",1100516,42265
"Monaco, Monaco","Stockholm, Sweden",2375887,88579
"Sarajevo, Bosnia And Herzegovina","Podgorica, Montenegro",229608,15306
"Sofia, Bulgaria","Luxembourg, Luxembourg",1860778,67721
"Prague, Czech Republic","Riga, Latvia",1344156,54988
"Prague, Czech Republic","Luxembourg, Luxembourg",732609,26256
"Sarajevo, Bosnia And Herzegovina","Dublin, Ireland",2657380,106129
"Dublin, Ireland","Stockholm, Sweden",2488769,101086
"Andorra La Vella, Andorra","Ljubljana, Slovenia",1486016,53738
"Podgorica, Montenegro","Bratislava, Slovakia",1098085,42884
"Baku, Azerbaijan","Copenhagen, Denmark",4037316,180036
"Brussels, Belgium","Tbilisi, Georgia",3945608,164128
"Dublin, Ireland","Oslo, Norway",2320376,99088
"Yerevan, Armenia","Riga, Latvia",3173879,139192
"Rome, Italy","Vatican City, Vatican City",6984,1108
"Vienna, Austria","Kiev, Ukraine",1331448,50661
"Vilnius, Lithuania","Bucharest, Romania",2179525,85806
"Chisinau, Moldova","Vatican City, Vatican City",2321442,90654
"Berlin, Germany","Pristina, Kosovo",1764361,65933
"Prague, Czech Republic","Pristina, Kosovo",1416782,52953
"Brussels, Belgium","Moscow, Russia",2553230,93579
"Pristina, Kosovo","Ankara, Turkey",1343587,52923
"Tirana, Albania","Ankara, Turkey",1459380,58496
"Baku, Azerbaijan","Moscow, Russia",2283873,97311
"Budapest, Hungary","Chisinau, Moldova",1117402,50595
"Prague, Czech Republic","Lisbon, Portugal",2675491,91088
"Vienna, Austria","Moscow, Russia",1965215,76223
"Stockholm, Sweden","Vatican City, Vatican City",2551457,95276
"Athens, Greece","Amsterdam, Netherlands",2865264,100834
"Belgrade, Serbia","Stockholm, Sweden",2322443,87980
"Minsk, Belarus","Berlin, Germany",1115849,42942
"Vilnius, Lithuania","Monaco, Monaco",2276488,85097
"Athens, Greece","Skopje, Macedonia",701807,25450
"Bratislava, Slovakia","Ljubljana, Slovenia",449723,15981
"Oslo, Norway","Belgrade, Serbia",2270698,86658
"Amsterdam, Netherlands","Vatican City, Vatican City",1652757,58784
"Skopje, Macedonia","Warsaw, Poland",1671512,59486
"Bratislava, Slovakia","Kiev, Ukraine",1315992,48528
"Budapest, Hungary","Warsaw, Poland",869705,30587
"Copenhagen, Denmark","London, United Kingdom",1255509,51355
"Yerevan, Armenia","Monaco, Monaco",4110688,161886
"Vienna, Austria","Bucharest, Romania",1070061,41925
"Zagreb, Croatia","Lisbon, Portugal",2752389,92786
"Tirana, Albania","Tallinn, Estonia",2965201,121199
"Andorra La Vella, Andorra","Athens, Greece",2670158,120877
"Zagreb, Croatia","Ljubljana, Slovenia",140393,6117
"Podgorica, Montenegro","Stockholm, Sweden",2811206,108604
"Pristina, Kosovo","Lisbon, Portugal",3665945,127351
"Vienna, Austria","Belgrade, Serbia",613085,21243
"Riga, Latvia","Podgorica, Montenegro",2305341,98511
"Lisbon, Portugal","Vatican City, Vatican City",2492481,84867
"Tbilisi, Georgia","Luxembourg, Luxembourg",3928900,161364
"Copenhagen, Denmark","Madrid, Spain",2487629,88435
"Vienna, Austria","Ljubljana, Slovenia",383985,14061
"Sarajevo, Bosnia And Herzegovina","Moscow, Russia",2384074,101207
"Sarajevo, Bosnia And Herzegovina","San Marino, San Marino",1043500,40590
"Bern, Switzerland","London, United Kingdom",983069,37520
"Tallinn, Estonia","Monaco, Monaco",2785710,108218
"Podgorica, Montenegro","Warsaw, Poland",1746899,66158
"Helsinki, Finland","San Marino, San Marino",2635137,113859
"Yerevan, Armenia","Athens, Greece",2942778,121007
"Tbilisi, Georgia","Belgrade, Serbia",2597500,109439
"Tirana, Albania","Yerevan, Armenia",2860550,125344
"Athens, Greece","Dublin, Ireland",3797511,142157
"Andorra La Vella, Andorra","Monaco, Monaco",709001,26809
"Brussels, Belgium","Sofia, Bulgaria",2116700,75319
"Sarajevo, Bosnia And Herzegovina","Tallinn, Estonia",2393863,97643
"Tbilisi, Georgia","Podgorica, Montenegro",2802219,126182
"Moscow, Russia","Bern, Switzerland",2697634,99140
"San Marino, San Marino","Stockholm, Sweden",2312719,88321
"Andorra La Vella, Andorra","Bucharest, Romania",2771503,101093
"Vaduz, Liechtenstein","Kiev, Ukraine",2004644,71919
"Budapest, Hungary","Oslo, Norway",1901366,74666
"Zagreb, Croatia","Vilnius, Lithuania",1538038,60601
"Sofia, Bulgaria","Moscow, Russia",2164185,94816
"Brussels, Belgium","Bratislava, Slovakia",1193044,41391
"Zagreb, Croatia","Amsterdam, Netherlands",1325421,48198
"Chisinau, Moldova","Bucharest, Romania",454644,23171
"Dublin, Ireland","Madrid, Spain",2316333,88779
"Luxembourg, Luxembourg","Lisbon, Portugal",2117888,68794
"Brussels, Belgium","Oslo, Norway",1395738,56837
"Helsinki, Finland","Valletta, Malta",3898353,169344
"Pristina, Kosovo","Podgorica, Montenegro",321191,16751
"Yerevan, Armenia","London, United Kingdom",4892827,191515
"Riga, Latvia","Lisbon, Portugal",3975858,141083
"Brussels, Belgium","Berlin, Germany",764548,27426
"Baku, Azerbaijan","Tbilisi, Georgia",580873,26518
"Skopje, Macedonia","Kiev, Ukraine",1911670,74517
"Tirana, Albania","Tbilisi, Georgia",2654055,117883
"Chisinau, Moldova","London, United Kingdom",2589036,105992
"Prague, Czech Republic","Tallinn, Estonia",1652242,68453
"Yerevan, Armenia","Sofia, Bulgaria",2397769,101315
"Tbilisi, Georgia","Valletta, Malta",3614474,185160
"Berlin, Germany","Chisinau, Moldova",1548711,67465
"Ljubljana, Slovenia","Ankara, Turkey",1929702,68732
"Zagreb, Croatia","Stockholm, Sweden",2114543,81906
"Sarajevo, Bosnia And Herzegovina","Vilnius, Lithuania",1881740,74525
"Paris, France","Chisinau, Moldova",2490315,97136
"Amsterdam, Netherlands","Kiev, Ukraine",1960570,73540
"Baku, Azerbaijan","Madrid, Spain",5767639,221006
"Copenhagen, Denmark","Athens, Greece",2780615,105852
"Yerevan, Armenia","Helsinki, Finland",3375444,146626
"Bucharest, Romania","Madrid, Spain",3350631,117513
"Andorra La Vella, Andorra","Valletta, Malta",2400004,98844
"Athens, Greece","Ankara, Turkey",1543552,55221
"Sarajevo, Bosnia And Herzegovina","Luxembourg, Luxembourg",1477381,56596
"Zagreb, Croatia","Belgrade, Serbia",393058,13469
"Berlin, Germany","Kiev, Ukraine",1342366,52751
"Berlin, Germany","Amsterdam, Netherlands",654395,24610
"Vienna, Austria","Minsk, Belarus",1255801,49231
"Yerevan, Armenia","Podgorica, Montenegro",3004559,133914
"Brussels, Belgium","Lisbon, Portugal",2038404,68035
"Monaco, Monaco","Moscow, Russia",3071312,113310
"Riga, Latvia","Oslo, Norway",1004536,76886
"Andorra La Vella, Andorra","Brussels, Belgium",1170146,41880
"Budapest, Hungary","Luxembourg, Luxembourg",1187399,41719
"Ljubljana, Slovenia","Vatican City, Vatican City",759500,27013
"Zagreb, Croatia","Vatican City, Vatican City",895876,31991
"Helsinki, Finland","Berlin, Germany",1625509,77175
"Valletta, Malta","Ljubljana, Slovenia",1772832,74271
"Yerevan, Armenia","Kiev, Ukraine",2162633,104825
"Skopje, Macedonia","Vatican City, Vatican City",998732,62165
"Lisbon, Portugal","Stockholm, Sweden",3592753,124508
"Valletta, Malta","San Marino, San Marino",1356619,61171
"Monaco, Monaco","Amsterdam, Netherlands",1410518,47755
"Monaco, Monaco","Bucharest, Romania",2069932,75799
"Budapest, Hungary","Belgrade, Serbia",379170,13480
"Helsinki, Finland","Vilnius, Lithuania",689656,39268
"Dublin, Ireland","Amsterdam, Netherlands",1130479,50560
"Berlin, Germany","Athens, Greece",2346829,84014
"Athens, Greece","Moscow, Russia",2960266,122924
"Chisinau, Moldova","San Marino, San Marino",2072487,82625
"Sarajevo, Bosnia And Herzegovina","Stockholm, Sweden",2482088,98154
"Rome, Italy","San Marino, San Marino",331329,15278
"Brussels, Belgium","Rome, Italy",1483302,52482
"Skopje, Macedonia","Madrid, Spain",3020260,103353
"Tallinn, Estonia","Stockholm, Sweden",426209,54322
"Paris, France","Oslo, Norway",1691333,67215
"Vaduz, Liechtenstein","Ankara, Turkey",2571562,91435
"Baku, Azerbaijan","Skopje, Macedonia",3034911,130653
"Brussels, Belgium","Podgorica, Montenegro",1986676,74524
"Brussels, Belgium","Skopje, Macedonia",2158062,75757
"Chisinau, Moldova","Bratislava, Slovakia",1304184,56254
"Monaco, Monaco","London, United Kingdom",1422940,49564
"Tirana, Albania","Belgrade, Serbia",734810,34179
"Sofia, Bulgaria","San Marino, San Marino",1426897,51715
"Minsk, Belarus","Lisbon, Portugal",3861210,133000
"Vilnius, Lithuania","Bratislava, Slovakia",1155831,46259
"Moscow, Russia","Ljubljana, Slovenia",2341438,89454
"Amsterdam, Netherlands","Bucharest, Romania",2222819,81761
"Copenhagen, Denmark","Bratislava, Slovakia",1109803,46614
"Copenhagen, Denmark","Lisbon, Portugal",2947994,102920
"Prague, Czech Republic","San Marino, San Marino",1077853,38966
"Helsinki, Finland","Rome, Italy",2879007,121759
"Prague, Czech Republic","Warsaw, Poland",683025,23783
"Valletta, Malta","Amsterdam, Netherlands",2668815,105923
"Rome, Italy","Skopje, Macedonia",993313,61688
"Riga, Latvia","Skopje, Macedonia",2355932,91311
"Berlin, Germany","Riga, Latvia",1234799,50990
"Sarajevo, Bosnia And Herzegovina","Berlin, Germany",1403683,53468
"Lisbon, Portugal","London, United Kingdom",2188488,74958
"Paris, France","Amsterdam, Netherlands",503436,18892
"Tallinn, Estonia","Luxembourg, Luxembourg",2254962,88358
"Luxembourg, Luxembourg","Oslo, Norway",1414419,58959
"Rome, Italy","Ljubljana, Slovenia",754336,26852
"Baku, Azerbaijan","Bern, Switzerland",4478083,185196
"Ljubljana, Slovenia","Madrid, Spain",2062569,69959
"Oslo, Norway","Bratislava, Slovakia",1703981,67793
"Minsk, Belarus","Ankara, Turkey",2125198,106755
"Tbilisi, Georgia","Madrid, Spain",5182874,195607
"Athens, Greece","Budapest, Hungary",1476434,53374
"Chisinau, Moldova","Kiev, Ukraine",472664,21212
"Athens, Greece","Vatican City, Vatican City",1279965,73968
"Paris, France","Luxembourg, Luxembourg",373891,13213
"Paris, France","Rome, Italy",1420749,49237
"Vaduz, Liechtenstein","Lisbon, Portugal",2228378,75062
"Pristina, Kosovo","Vilnius, Lithuania",2245394,87238
"San Marino, San Marino","Madrid, Spain",1859573,64119
"Andorra La Vella, Andorra","Kiev, Ukraine",3137172,110988
"Belgrade, Serbia","Madrid, Spain",2589201,86616
"Valletta, Malta","Oslo, Norway",3513338,141572
"Madrid, Spain","Vatican City, Vatican City",1935775,67061
"Prague, Czech Republic","Stockholm, Sweden",1427698,57960
"Tbilisi, Georgia","Moscow, Russia",1980653,83935
"Minsk, Belarus","Oslo, Norway",2138886,85572
"Copenhagen, Denmark","Podgorica, Montenegro",2173326,87653
"Vilnius, Lithuania","Vatican City, Vatican City",2287691,86233
"Yerevan, Armenia","Brussels, Belgium",4519303,175830
"Dublin, Ireland","Bucharest, Romania",3145248,123239
"Riga, Latvia","London, United Kingdom",2295491,89801
"Paris, France","Moscow, Russia",2836634,103546
"Berlin, Germany","Luxembourg, Luxembourg",762204,28161
"Prague, Czech Republic","Vilnius, Lithuania",1140119,45335
"Warsaw, Poland","Belgrade, Serbia",1265410,43143
"Minsk, Belarus","Pristina, Kosovo",2001022,85561
"Copenhagen, Denmark","Paris, France",1221803,47004
"Skopje, Macedonia","Stockholm, Sweden",2753503,104718
"Zagreb, Croatia","Paris, France",1391124,49004
"Moscow, Russia","Stockholm, Sweden",1573202,90807
"Valletta, Malta","Belgrade, Serbia",2298347,90898
"Skopje, Macedonia","Podgorica, Montenegro",355135,20369
"Dublin, Ireland","Riga, Latvia",2887078,117045
"Paris, France","Tbilisi, Georgia",4275782,171891
"Helsinki, Finland","Kiev, Ukraine",1446987,70155
"Amsterdam, Netherlands","Lisbon, Portugal",2233683,74981
"Baku, Azerbaijan","Paris, France",4670683,190322
"Warsaw, Poland","Bern, Switzerland",1444421,48731
"Sofia, Bulgaria","Vaduz, Liechtenstein",1565936,56890
"Vaduz, Liechtenstein","Skopje, Macedonia",1606556,57264
